[
    {
        "id": 1,
        "name": "Champignon de Paris",
        "photo": "paris.jpg",
        "humidity": "80%",
        "temperature": "16°C - 18°C",
        "origin": "France"
    },
    {
        "id": 2,
        "name": "Shiitake",
        "photo": "shiitake.jpg",
        "humidity": "85%",
        "temperature": "20°C - 24°C",
        "origin": "Asie"
    },
    {
        "id": 3,
        "name": "Girolle",
        "photo": "girolle.jpg",
        "humidity": "70%",
        "temperature": "15°C - 18°C",
        "origin": "Europe"
    }
]
